Page,Category,Badge,Name,Likes,Views
Popular,Animation,Pro,Mostafa_taghipour.uix,98,6600
Popular,Animation,Pro,LeoRabelo,45,2500
Popular,Animation,Pro,ChokunChoinw,43,2500
Popular,Animation,Pro,Emil?upi?,10,611
Popular,Animation,Team,tubik,182,20600
Popular,Animation,Pro,MickChampayne,2,139
Popular,Animation,Team,Shopify,52,5200
Popular,Animation,Team,ILLO,81,12100
Popular,Animation,Team,PhenomenonStudio,214,35500
Popular,Animation,Pro,SOZIKA,97,7100
Popular,Animation,Pro,ReijoPalmiste,8,454
Popular,Animation,Team,Synchronized,133,18900
Popular,Animation,Pro,Layo,244,40700
Popular,Animation,Team,blackleadstudio,210,34400
Popular,Animation,Team,RogueStudio,33,3500
Popular,Animation,Team,UPROCKAGENCY,117,9400
Popular,Animation,Pro,ReijoPalmiste,30,1800
Popular,Animation,Team,AIC,13,1300
Popular,Animation,Team,Riotters,86,7400
Popular,Animation,Team,RonasIT|UI/UXTeam,258,30400
Popular,Animation,Pro,FranciscoGonzálezyGarcía,17,859
Popular,Animation,None,Manukyanmotion,35,1600
Popular,Animation,Team,Timeless,24,2200
Popular,Animation,None,KatiaStukota,21,1100
Popular,Branding,Pro,TornikeUchava,134,11400
Popular,Branding,Pro,VadimKorotkov,119,16200
Popular,Branding,Pro,MarkRise,66,5800
Popular,Branding,Pro,DaliusStuoka|logodesigner,86,10200
Popular,Branding,None,"NikolozMolodinashvili,LogoDesigner",93,7900
Popular,Branding,Team,theosm™,73,7500
Popular,Branding,None,Demopaityn,118,4900
Popular,Branding,Pro,MARakibKhan,91,4400
Popular,Branding,None,ImonAhamed|LogoDesigner,97,5500
Popular,Branding,Pro,matthieumartigny,30,1500
Popular,Branding,Team,PiqoDesign,179,12200
Popular,Branding,Team,PiqoDesign,155,11900
Popular,Branding,Pro,Shihab|Logodesigner,78,5000
Popular,Branding,Pro,Creatheorys|LogoDesigner,140,5200
Popular,Branding,Pro,MdMotaleb|LogoDesigner,159,9500
Popular,Branding,Team,Climax,103,5000
Popular,Branding,Pro,MdZahidHasan|LogoDesigner,107,6100
Popular,Branding,None,Md.AshrafulIslam,90,4800
Popular,Branding,Pro,MasumBillah,86,5200
Popular,Branding,Team,Grapflex,131,9000
Popular,Branding,Pro,JahidHasan,79,4600
Popular,Branding,Pro,DanielRotter,14,509
Popular,Branding,None,SazzadHossainonu,97,5000
Popular,Branding,None,MdHumayunKabir,67,2200
Popular,Illustration,Pro,IreneNeyman,38,1700
Popular,Illustration,Pro,WantLine,68,6400
Popular,Illustration,None,GOSTI,79,4900
Popular,Illustration,Team,Keitoto,36,4000
Popular,Illustration,Team,Kit8,82,9100
Popular,Illustration,Team,andstudio,40,3900
Popular,Illustration,Team,Kit8,38,2400
Popular,Illustration,None,KenzoBruijnaers,37,1800
Popular,Illustration,Pro,RokasAleliunas,17,998
Popular,Illustration,Pro,KrisHowes,16,778
Popular,Illustration,None,OlegZodchiy,16,800
Popular,Illustration,None,IlhamHerry,23,1700
Popular,Illustration,Pro,FedericoBonifacini,47,2700
Popular,Illustration,None,MarkWinter,7,379
Popular,Illustration,Pro,RoberlanBorgesParesqui,58,4800
Popular,Illustration,None,EllenYee,4,134
Popular,Illustration,Pro,GustavoZambelli,114,16000
Popular,Illustration,Team,unfold,94,9900
Popular,Illustration,None,OlegZodchiy,49,2500
Popular,Illustration,Pro,DermotReddan,47,3400
Popular,Illustration,Pro,MohamedEl-Tobgy,5,133
Popular,Illustration,Pro,MarcusWilliamson,25,1800
Popular,Illustration,Pro,TheNocDesign,29,806
Popular,Illustration,Pro,TylerPate,115,9500
Popular,Mobile,Team,HaloLab,104,11100
Popular,Mobile,Team,Bolddreams,191,19800
Popular,Mobile,Team,CreativePeoplesDigitalAgency,65,2400
Popular,Mobile,Team,??AgensipUIUXAgency,79,6000
Popular,Mobile,Team,Peddium,122,8200
Popular,Mobile,Team,Timeless,27,1900
Popular,Mobile,Pro,MarcinGrygierczyk,21,1200
Popular,Mobile,None,CreativeUzbek,10,486
Popular,Mobile,Team,InSync,12,504
Popular,Mobile,Team,WebsiteDosage,40,1200
Popular,Mobile,Team,RedInk™,47,1900
Popular,Mobile,Pro,VakoPirtskhalava,154,7900
Popular,Mobile,None,Vladislava,14,288
Popular,Mobile,Pro,Anastasia,207,9400
Popular,Mobile,None,TomaszKasprzak,24,795
Popular,Mobile,None,ArunKumar,6,1000
Popular,Mobile,Pro,Layo,244,40700
Popular,Mobile,Team,Setproduct,17,2000
Popular,Mobile,Team,Hybreed,17,787
Popular,Mobile,Team,SansBrothers,269,26900
Popular,Mobile,Pro,FlutterTopUI/UX,14,546
Popular,Mobile,Pro,dnnnnnx,32,2800
Popular,Mobile,Team,ls.graphics,70,9100
Popular,Mobile,Team,RonasIT|UI/UXTeam,258,30400
Popular,Print,Team,theosm™,73,7500
Popular,Print,None,GOSTI,79,4900
Popular,Print,Pro,SebastianAbboud,76,8400
Popular,Print,None,designFabrica,79,4400
Popular,Print,None,MousumiAkter,27,600
Popular,Print,Pro,RokasAleliunas,17,998
Popular,Print,Pro,MichaelDriver,12,715
Popular,Print,None,IlhamHerry,23,1700
Popular,Print,None,GraphicPanda,26,611
Popular,Print,Pro,Taukir,35,981
Popular,Print,None,GraphicPanda,23,663
Popular,Print,None,BradMead,4,143
Popular,Print,Team,OpendoorDesign,67,7100
Popular,Print,Pro,JayMaster,74,11300
Popular,Print,None,tanianasrin,18,252
Popular,Print,Pro,MockupCloud,4,377
Popular,Print,Pro,RokasAleliunas,82,6300
Popular,Print,None,HasibulHassan,4,109
Popular,Print,None,TahsinTamanna,18,477
Popular,Print,Pro,MaggieMoore,22,1700
Popular,Print,Pro,KateZestStudio,9,320
Popular,Print,Pro,JordanKay,27,1100
Popular,Print,None,tanianasrin,31,664
Popular,Print,None,PrintTemplates,15,143
Popular,Product Design,Team,HaloLab,104,11100
Popular,Product Design,Team,Acedesign,142,9100
Popular,Product Design,Team,Timeless,19,1400
Popular,Product Design,Team,Timeless,27,1900
Popular,Product Design,None,BaBu,39,704
Popular,Product Design,Pro,Emil?upi?,10,609
Popular,Product Design,Team,Steelmonk,147,10900
Popular,Product Design,Pro,EhsanEzzati,19,395
Popular,Product Design,Pro,DinStudio,12,840
Popular,Product Design,Team,HaloLab,315,24100
Popular,Product Design,Team,Synchronized,133,18900
Popular,Product Design,Pro,Jubeo,33,1200
Popular,Product Design,None,super2design3,2,270
Popular,Product Design,None,AngeloLiberoDesigns,38,2100
Popular,Product Design,Team,Cleveroad,31,2300
Popular,Product Design,None,Azhardwi,13,719
Popular,Product Design,None,EmamulHossen,12,296
Popular,Product Design,Team,Autentika,29,2400
Popular,Product Design,Team,UPROCKAGENCY,117,9400
Popular,Product Design,Pro,Durmu?Kavc?o?lu,33,1900
Popular,Product Design,Team,Riotters,86,7400
Popular,Product Design,None,lazymau,3,146
Popular,Product Design,None,TatiPircxalava,70,5000
Popular,Product Design,None,RajuAhmed,18,725
Popular,Typography,None,IlhamHerry,23,1700
Popular,Typography,Pro,mattcolewilson,22,1100
Popular,Typography,Pro,MarcusWilliamson,25,1800
Popular,Typography,Pro,LindseyNaylor,16,859
Popular,Typography,Team,Polywork,49,3900
Popular,Typography,Pro,RachelGillespie,16,1100
Popular,Typography,Pro,LePunktNoir,20,1600
Popular,Typography,None,Robinsonabreu,4,685
Popular,Typography,Pro,JessBright,8,662
Popular,Typography,None,AlfonsoFuentes,26,1300
Popular,Typography,None,Merchgraphic,12,473
Popular,Typography,None,MariamAghajanyan,4,819
Popular,Typography,None,Augustus,50,6500
Popular,Typography,Pro,DavoGalavotti,12,897
Popular,Typography,None,ZzoeIggi,13,721
Popular,Typography,None,OrsiBüki,20,2000
Popular,Typography,Pro,HARRYVINC£NT,29,3800
Popular,Typography,None,Nerdfox,5,693
Popular,Typography,None,Jp,9,1300
Popular,Typography,Pro,ReijoPalmiste,38,5100
Popular,Typography,None,TimEvans,40,4900
Popular,Typography,None,AndrewEdwards,1,52
Popular,Typography,None,Al-aminHossain,2,225
Popular,Typography,Pro,JeremyVessey,43,4700
Popular,Web Design,Team,Bolddreams,192,20000
Popular,Web Design,Team,Orizon:UI/UXDesignAgency,234,21600
Popular,Web Design,Team,EnverStudio,171,17700
Popular,Web Design,Pro,MasudRana,148,10200
Popular,Web Design,Team,PlainthingStudio,222,30000
Popular,Web Design,Team,PiqoDesign,153,10600
Popular,Web Design,Team,SLABDesignStudio,134,21600
Popular,Web Design,Team,Unlikeothers,179,13500
Popular,Web Design,Pro,Mostafa_taghipour.uix,98,6600
Popular,Web Design,Pro,kamalHasan,76,3400
Popular,Web Design,Team,OrixAgency,125,6100
Popular,Web Design,Team,Grapflex,131,9000
Popular,Web Design,Pro,AkashAhamed,96,4900
Popular,Web Design,None,MahanSharifi,58,4500
Popular,Web Design,Pro,LeoRabelo,45,2500
Popular,Web Design,Pro,JisanBranding,87,5700
Popular,Web Design,Team,ITOTeam,96,3900
Popular,Web Design,Pro,RiyaMoni,98,5800
Popular,Web Design,Pro,AbuBokkorSiddik,115,4600
Popular,Web Design,Team,CreativePeoples,61,2800
Popular,Web Design,Pro,YousufSaymon,71,3100
Popular,Web Design,None,GopalDas,71,2500
Popular,Web Design,Pro,AsibuzzamanNahid,54,2000
Popular,Web Design,None,TusharChowdhury,43,1900
New & Noteworthy,Animation,Pro,Mostafa_taghipour.uix,98,6600
New & Noteworthy,Animation,Pro,LeoRabelo,45,2500
New & Noteworthy,Animation,Pro,SOZIKA,97,7100
New & Noteworthy,Animation,Pro,Emil?upi?,10,611
New & Noteworthy,Animation,Pro,FranciscoGonzálezyGarcía,17,859
New & Noteworthy,Animation,None,Manukyanmotion,35,1600
New & Noteworthy,Animation,None,KatiaStukota,21,1100
New & Noteworthy,Animation,None,Andrey,16,1200
New & Noteworthy,Animation,Pro,EdgarVehbiu,15,1000
New & Noteworthy,Animation,Pro,ScrumLaunch,23,2000
New & Noteworthy,Animation,Pro,AlejandroCastro,11,1200
New & Noteworthy,Animation,None,MauroMason,20,1800
New & Noteworthy,Animation,None,SeryogaTohanczyn,13,568
New & Noteworthy,Animation,Team,Timeless,24,2200
New & Noteworthy,Animation,None,TianruiZhang,25,2000
New & Noteworthy,Animation,None,StanislavKhatskevich,5,138
New & Noteworthy,Animation,Pro,Layo,244,40700
New & Noteworthy,Animation,None,FlorianContegreco,7,579
New & Noteworthy,Animation,Pro,"Déborah""Debs""Rodrigues",13,706
New & Noteworthy,Animation,Pro,"Déborah""Debs""Rodrigues",13,714
New & Noteworthy,Animation,None,NastiaPiven,28,3200
New & Noteworthy,Animation,None,MauroMason,8,646
New & Noteworthy,Animation,Team,UPROCKAGENCY,117,9400
New & Noteworthy,Animation,Pro,ZAN,52,7100
New & Noteworthy,Branding,None,"NikolozMolodinashvili,LogoDesigner",93,7900
New & Noteworthy,Branding,None,Demopaityn,118,4900
New & Noteworthy,Branding,Team,Grapflex,131,9000
New & Noteworthy,Branding,None,Md.AshrafulIslam,90,4800
New & Noteworthy,Branding,Pro,MARakibKhan,91,4400
New & Noteworthy,Branding,Pro,JisanBranding,87,5700
New & Noteworthy,Branding,Pro,RiyaMoni,98,5800
New & Noteworthy,Branding,None,ImonAhamed|LogoDesigner,97,5500
New & Noteworthy,Branding,Pro,MdMotaleb|LogoDesigner,159,9500
New & Noteworthy,Branding,None,MdFaisal,92,2900
New & Noteworthy,Branding,Team,Climax,103,5000
New & Noteworthy,Branding,Team,RedInk™,69,2600
New & Noteworthy,Branding,None,ArtnazuDesign,58,2000
New & Noteworthy,Branding,None,sumaiyapromi,103,1800
New & Noteworthy,Branding,None,MahbubBrand,42,768
New & Noteworthy,Branding,Team,Reveal,65,2400
New & Noteworthy,Branding,None,AbdurRahman,30,1000
New & Noteworthy,Branding,Pro,Creatheorys|LogoDesigner,140,5200
New & Noteworthy,Branding,Pro,renovo_estilo,49,1800
New & Noteworthy,Branding,None,nayan,80,2100
New & Noteworthy,Branding,Team,Reveal,49,1000
New & Noteworthy,Branding,None,BipolHossan,32,662
New & Noteworthy,Branding,None,NupurAkther,82,2700
New & Noteworthy,Branding,Pro,BrandonJoseph,27,902
New & Noteworthy,Illustration,None,KenzoBruijnaers,37,1800
New & Noteworthy,Illustration,Pro,FedericoBonifacini,47,2700
New & Noteworthy,Illustration,None,OlegZodchiy,16,800
New & Noteworthy,Illustration,None,MarkWinter,7,379
New & Noteworthy,Illustration,None,OlegZodchiy,49,2500
New & Noteworthy,Illustration,Pro,MohamedEl-Tobgy,5,133
New & Noteworthy,Illustration,Pro,TheNocDesign,29,806
New & Noteworthy,Illustration,Pro,IreneNeyman,38,1700
New & Noteworthy,Illustration,None,EllenYee,4,134
New & Noteworthy,Illustration,Pro,KrisHowes,16,778
New & Noteworthy,Illustration,Pro,KatrinEmery,72,4700
New & Noteworthy,Illustration,None,IlhamHerry,23,1700
New & Noteworthy,Illustration,Pro,MaggieMoore,22,1700
New & Noteworthy,Illustration,Pro,AldoCervantesSaldaña,30,1600
New & Noteworthy,Illustration,Pro,LindseyNaylor,16,859
New & Noteworthy,Illustration,Pro,RamsésCabello,57,3400
New & Noteworthy,Illustration,Pro,RichArmstrong,4,139
New & Noteworthy,Illustration,None,ChrisPorter,25,1400
New & Noteworthy,Illustration,Pro,Lolita,73,2600
New & Noteworthy,Illustration,None,NataliaLyskina,24,791
New & Noteworthy,Illustration,None,NataliaLyskina,19,654
New & Noteworthy,Illustration,Pro,oto,142,11300
New & Noteworthy,Illustration,None,IldarFatikhov,74,8500
New & Noteworthy,Illustration,None,Alion,5,73
New & Noteworthy,Mobile,Team,Bolddreams,192,20000
New & Noteworthy,Mobile,Team,Peddium,122,8200
New & Noteworthy,Mobile,Team,CreativePeoplesDigitalAgency,65,2400
New & Noteworthy,Mobile,Pro,VakoPirtskhalava,154,7900
New & Noteworthy,Mobile,Team,InSync,12,504
New & Noteworthy,Mobile,Team,RedInk™,47,1900
New & Noteworthy,Mobile,None,CreativeUzbek,10,486
New & Noteworthy,Mobile,Pro,MarcinGrygierczyk,21,1200
New & Noteworthy,Mobile,Team,WebsiteDosage,40,1200
New & Noteworthy,Mobile,Team,SansBrothers,269,26900
New & Noteworthy,Mobile,Team,Timeless,27,1900
New & Noteworthy,Mobile,Pro,FlutterTopUI/UX,14,546
New & Noteworthy,Mobile,Pro,dnnnnnx,32,2800
New & Noteworthy,Mobile,Pro,FlutterTopUI/UX,37,2700
New & Noteworthy,Mobile,Pro,ScrumLaunch,23,2000
New & Noteworthy,Mobile,None,NenadMilosevic,30,2900
New & Noteworthy,Mobile,Pro,Andres,5,114
New & Noteworthy,Mobile,None,Orange-zhai,8,488
New & Noteworthy,Mobile,Team,WebsiteDosage,53,3200
New & Noteworthy,Mobile,None,Riansa,37,2500
New & Noteworthy,Mobile,Pro,LukaBendi?,25,2500
New & Noteworthy,Mobile,None,VadymOliinyk,21,1800
New & Noteworthy,Mobile,Team,Mug,18,2100
New & Noteworthy,Mobile,Pro,ViktoriyaSemenova,7,381
New & Noteworthy,Print,None,designFabrica,79,4400
New & Noteworthy,Print,Pro,Taukir,35,981
New & Noteworthy,Print,None,GraphicPanda,26,611
New & Noteworthy,Print,None,GraphicPanda,23,663
New & Noteworthy,Print,None,tanianasrin,18,252
New & Noteworthy,Print,None,BradMead,4,143
New & Noteworthy,Print,Pro,MichaelDriver,12,715
New & Noteworthy,Print,None,MousumiAkter,27,600
New & Noteworthy,Print,None,IlhamHerry,23,1700
New & Noteworthy,Print,Pro,MaggieMoore,22,1700
New & Noteworthy,Print,None,tanianasrin,31,664
New & Noteworthy,Print,Pro,KateZestStudio,9,320
New & Noteworthy,Print,Pro,JordanKay,27,1100
New & Noteworthy,Print,None,PrintTemplates,15,143
New & Noteworthy,Print,None,PrintTemplates,13,129
New & Noteworthy,Print,Pro,AlexThomasWeaver,32,1600
New & Noteworthy,Print,None,PrintTemplates,14,125
New & Noteworthy,Print,None,GOSTI,79,4900
New & Noteworthy,Print,None,TahsinTamanna,18,477
New & Noteworthy,Print,None,PrintTemplates,13,68
New & Noteworthy,Print,None,DariaSheremet,42,1300
New & Noteworthy,Print,Pro,BogdanKatsuba,7,315
New & Noteworthy,Print,Pro,MaggieMoore,10,862
New & Noteworthy,Print,Pro,JisanBranding,108,4800
New & Noteworthy,Product Design,None,BaBu,39,704
New & Noteworthy,Product Design,Pro,DinStudio,12,840
New & Noteworthy,Product Design,Pro,EhsanEzzati,19,395
New & Noteworthy,Product Design,Pro,Emil?upi?,10,609
New & Noteworthy,Product Design,Team,Timeless,19,1400
New & Noteworthy,Product Design,None,AngeloLiberoDesigns,38,2100
New & Noteworthy,Product Design,Team,Timeless,27,1900
New & Noteworthy,Product Design,Pro,Durmu?Kavc?o?lu,33,1900
New & Noteworthy,Product Design,Team,Steelmonk,147,10900
New & Noteworthy,Product Design,None,RajuAhmed,18,725
New & Noteworthy,Product Design,Pro,Jubeo,33,1200
New & Noteworthy,Product Design,Team,Acedesign,142,9100
New & Noteworthy,Product Design,None,AngeloLiberoDesigns,22,1300
New & Noteworthy,Product Design,None,AlexeyBelonogov,46,3100
New & Noteworthy,Product Design,Pro,Durmu?Kavc?o?lu,9,300
New & Noteworthy,Product Design,None,Monogrampixel,6,204
New & Noteworthy,Product Design,Pro,UdaraJay,11,685
New & Noteworthy,Product Design,Team,FluttertopWebExperts,7,130
New & Noteworthy,Product Design,Pro,Durmu?Kavc?o?lu,6,196
New & Noteworthy,Product Design,None,Dezzars,17,941
New & Noteworthy,Product Design,Pro,TarasKindrat,34,2000
New & Noteworthy,Product Design,None,AlexanderKomkov,23,840
New & Noteworthy,Product Design,None,EmamulHossen,12,296
New & Noteworthy,Product Design,None,SandeepVelayudhan,13,1100
New & Noteworthy,Typography,Pro,mattcolewilson,22,1100
New & Noteworthy,Typography,Team,Polywork,49,3900
New & Noteworthy,Typography,None,IlhamHerry,23,1700
New & Noteworthy,Typography,Pro,LindseyNaylor,16,859
New & Noteworthy,Typography,Pro,RachelGillespie,16,1100
New & Noteworthy,Typography,Pro,MarcusWilliamson,25,1800
New & Noteworthy,Typography,Pro,LePunktNoir,20,1600
New & Noteworthy,Typography,None,AlfonsoFuentes,26,1300
New & Noteworthy,Typography,Pro,JessBright,8,662
New & Noteworthy,Typography,Pro,DavoGalavotti,12,896
New & Noteworthy,Typography,None,OrsiBüki,20,2000
New & Noteworthy,Typography,None,ZzoeIggi,13,721
New & Noteworthy,Typography,None,Nerdfox,5,693
New & Noteworthy,Typography,None,AlisaGolovinska,2,99
New & Noteworthy,Typography,None,VictorRosario,15,1900
New & Noteworthy,Typography,None,Augustus,50,6500
New & Noteworthy,Typography,None,AndyNorman,4,344
New & Noteworthy,Typography,None,TimEvans,40,4900
New & Noteworthy,Typography,None,Kanades,20,2200
New & Noteworthy,Typography,None,barjasta,15,2100
New & Noteworthy,Typography,None,MostafaAbasiry,13,1600
New & Noteworthy,Typography,None,MostafaAbasiry,5,316
New & Noteworthy,Typography,Pro,GemmaBusquets,13,2200
New & Noteworthy,Typography,None,ArunKurianCuriouskurian,8,1300
New & Noteworthy,Web Design,Team,Bolddreams,191,19800
New & Noteworthy,Web Design,Team,Unlikeothers,179,13500
New & Noteworthy,Web Design,Team,Grapflex,131,9000
New & Noteworthy,Web Design,Pro,kamalHasan,76,3400
New & Noteworthy,Web Design,None,MahanSharifi,58,4500
New & Noteworthy,Web Design,Pro,Mostafa_taghipour.uix,98,6600
New & Noteworthy,Web Design,Pro,AkashAhamed,96,4900
New & Noteworthy,Web Design,Pro,JisanBranding,87,5700
New & Noteworthy,Web Design,Pro,RiyaMoni,98,5800
New & Noteworthy,Web Design,Pro,LeoRabelo,45,2500
New & Noteworthy,Web Design,None,GopalDas,71,2500
New & Noteworthy,Web Design,Team,CreativePeoples,61,2800
New & Noteworthy,Web Design,Team,EnverStudio,171,17700
New & Noteworthy,Web Design,Pro,YousufSaymon,71,3100
New & Noteworthy,Web Design,Pro,AsibuzzamanNahid,54,2000
New & Noteworthy,Web Design,None,Anikkhandaker,36,2500
New & Noteworthy,Web Design,None,PresentationTemplates,18,581
New & Noteworthy,Web Design,None,SlideMaster,17,574
New & Noteworthy,Web Design,None,TusharChowdhury,43,1900
New & Noteworthy,Web Design,None,RianSVisualDesigner,16,933
New & Noteworthy,Web Design,None,SlideMaster,15,516
New & Noteworthy,Web Design,None,SlideMaster,15,516
New & Noteworthy,Web Design,None,PresentationTemplates,15,522
New & Noteworthy,Web Design,Pro,AbuBokkorSiddik,115,4600
